<?xml version="1.0" encoding="UTF-8" standalone="yes"?>
<addon id="repository.kodidiy" name="Kodi DIY Repository" version="1.0.0" provider-name="KodiDIY">
    <extension point="xbmc.addon.repository" name="Kodi DIY Repository">
        <dir minversion="21.1">
            <info compressed="false">https://kodi.diy/addons.xml</info>
            <checksum>https://kodi.diy/addons.xml.md5</checksum>
            <datadir zip="true">https://kodi.diy/</datadir>
        </dir>
    </extension>
    <extension point="xbmc.addon.metadata">
        <platform>all</platform>
        <summary>Kodi DIY Repository</summary>
        <description>Unofficial add-ons repository</description>
    </extension>
</addon>
